trade_date,trade_id,trade_status,trade_type,asset_type,asset_name,receiving_team,giving_team,origin_owner,roster_a,roster_b
2025-11-16,1295662941210697728,complete,2-team,player,Saquon Barkley,jwalters74,cjsyregelas,,cjsyregelas,jwalters74
2025-11-16,1295662941210697728,complete,2-team,player,James Cook,cjsyregelas,jwalters74,,cjsyregelas,jwalters74
2025-11-12,1294350847387398144,complete,2-team,player,Jonathon Brooks,thekylecasey,jwalters74,,thekylecasey,jwalters74
2025-11-12,1294350847387398144,complete,2-team,player,Terrance Ferguson,thekylecasey,jwalters74,,thekylecasey,jwalters74
2025-11-12,1294350847387398144,complete,2-team,player,Luther Burden,thekylecasey,jwalters74,,thekylecasey,jwalters74
2025-11-12,1294350847387398144,complete,2-team,player,Aaron Jones,jwalters74,thekylecasey,,thekylecasey,jwalters74
2025-11-12,1294350847387398144,complete,2-team,player,George Pickens,jwalters74,thekylecasey,,thekylecasey,jwalters74
2025-11-12,1294350847387398144,complete,2-team,pick,2027 Round 3,thekylecasey,jwalters74,thekylecasey,thekylecasey,jwalters74
2025-11-12,1294350847387398144,complete,2-team,pick,2027 Round 3,thekylecasey,jwalters74,jwalters74,thekylecasey,jwalters74
2025-11-12,1294198173723557888,complete,2-team,player,DeAndre Hopkins,tylerpilgrim,gnewman4,,gnewman4,tylerpilgrim
2025-11-12,1294198173723557888,complete,2-team,player,Chuba Hubbard,gnewman4,tylerpilgrim,,gnewman4,tylerpilgrim
2025-11-12,1294198173723557888,complete,2-team,pick,2026 Round 3,tylerpilgrim,gnewman4,tylerpilgrim,gnewman4,tylerpilgrim
2025-11-12,1294189559839465472,complete,2-team,player,Bhayshul Tuten,wkerwin,lndahayo,,lndahayo,wkerwin
2025-11-12,1294189559839465472,complete,2-team,player,Juwan Johnson,lndahayo,wkerwin,,lndahayo,wkerwin
2025-11-12,1294189559839465472,complete,2-team,player,DeVonta Smith,lndahayo,wkerwin,,lndahayo,wkerwin
2025-11-12,1294189559839465472,complete,2-team,pick,2026 Round 1,wkerwin,lndahayo,lndahayo,lndahayo,wkerwin
2025-11-12,1294189559839465472,complete,2-team,pick,2026 Round 4,lndahayo,wkerwin,wkerwin,lndahayo,wkerwin
2025-11-12,1294189559839465472,complete,2-team,pick,2027 Round 4,lndahayo,wkerwin,wkerwin,lndahayo,wkerwin
2025-11-11,1294076505202098176,complete,2-team,player,Alvin Kamara,donewton,tylerpilgrim,,tylerpilgrim,donewton
2025-11-11,1294076505202098176,complete,2-team,player,Dontayvion Wicks,tylerpilgrim,donewton,,tylerpilgrim,donewton
2025-11-11,1294076505202098176,complete,2-team,pick,2026 Round 3,tylerpilgrim,donewton,mgaeta23,tylerpilgrim,donewton
2025-11-11,1294061216544587776,complete,2-team,player,Cooper Kupp,gnewman4,mgaeta23,,gnewman4,mgaeta23
2025-11-11,1294061216544587776,complete,2-team,player,Rico Dowdle,gnewman4,mgaeta23,,gnewman4,mgaeta23
2025-11-11,1294061216544587776,complete,2-team,player,Wan'Dale Robinson,mgaeta23,gnewman4,,gnewman4,mgaeta23
2025-11-11,1294061216544587776,complete,2-team,pick,2026 Round 2,mgaeta23,gnewman4,donewton,gnewman4,mgaeta23
2025-11-11,1294061216544587776,complete,2-team,pick,2027 Round 3,mgaeta23,gnewman4,donewton,gnewman4,mgaeta23
2025-11-11,1294061216544587776,complete,2-team,pick,2026 Round 4,gnewman4,mgaeta23,mgaeta23,gnewman4,mgaeta23
2025-11-10,1293486502654791680,complete,2-team,player,Geno Smith,zachlearningtogolf,gnewman4,,gnewman4,zachlearningtogolf
2025-11-10,1293486502654791680,complete,2-team,player,Justin Fields,gnewman4,zachlearningtogolf,,gnewman4,zachlearningtogolf
2025-11-10,1293486502654791680,complete,2-team,pick,2026 Round 2,zachlearningtogolf,gnewman4,gnewman4,gnewman4,zachlearningtogolf
2025-11-10,1293486502654791680,complete,2-team,pick,2026 Round 3,gnewman4,zachlearningtogolf,tylerpilgrim,gnewman4,zachlearningtogolf
2025-11-10,1293486502654791680,complete,2-team,faab,$1 FAAB,zachlearningtogolf,gnewman4,,gnewman4,zachlearningtogolf
2025-11-02,1290567058949427200,complete,2-team,player,Jonathon Brooks,jwalters74,tylerpilgrim,,jwalters74,tylerpilgrim
2025-11-02,1290567058949427200,complete,2-team,player,Alvin Kamara,tylerpilgrim,jwalters74,,jwalters74,tylerpilgrim
2025-11-02,1290567058949427200,complete,2-team,pick,2027 Round 3,jwalters74,tylerpilgrim,thekylecasey,jwalters74,tylerpilgrim
2025-11-01,1290362815730708480,complete,2-team,player,Cedric Tillman,thekylecasey,lndahayo,,lndahayo,thekylecasey
2025-11-01,1290362815730708480,complete,2-team,player,Tyrone Tracy,lndahayo,thekylecasey,,lndahayo,thekylecasey
2025-11-01,1290362815730708480,complete,2-team,player,Shedeur Sanders,thekylecasey,lndahayo,,lndahayo,thekylecasey
2025-11-01,1290362815730708480,complete,2-team,player,Kyle Monangai,lndahayo,thekylecasey,,lndahayo,thekylecasey
2025-11-01,1290362815730708480,complete,2-team,player,Chris Godwin,lndahayo,thekylecasey,,lndahayo,thekylecasey
2025-11-01,1290362815730708480,complete,2-team,pick,2027 Round 1,thekylecasey,lndahayo,lndahayo,lndahayo,thekylecasey
2025-10-26,1288261486111641600,complete,2-team,player,Rashee Rice,donewton,gnewman4,,gnewman4,donewton
2025-10-26,1288261486111641600,complete,2-team,player,Davante Adams,gnewman4,donewton,,gnewman4,donewton
2025-10-26,1288261486111641600,complete,2-team,player,Rashod Bateman,donewton,gnewman4,,gnewman4,donewton
2025-10-26,1288261486111641600,complete,2-team,player,Wan'Dale Robinson,gnewman4,donewton,,gnewman4,donewton
2025-10-26,1288261486111641600,complete,2-team,pick,2027 Round 1,gnewman4,donewton,donewton,gnewman4,donewton
2025-10-26,1288261486111641600,complete,2-team,pick,2028 Round 1,gnewman4,donewton,donewton,gnewman4,donewton
2025-10-23,1287157631126876160,complete,2-team,player,Pat Bryant,donewton,tylerpilgrim,,tylerpilgrim,donewton
2025-10-23,1287157631126876160,complete,2-team,player,Kayshon Boutte,tylerpilgrim,donewton,,tylerpilgrim,donewton
2025-10-23,1287157631126876160,complete,2-team,pick,2027 Round 4,donewton,tylerpilgrim,tylerpilgrim,tylerpilgrim,donewton
2025-10-23,1286931153982361600,complete,2-team,player,Dont'e Thornton,zachlearningtogolf,jwalters74,,zachlearningtogolf,jwalters74
2025-10-23,1286931153982361600,complete,2-team,player,Alvin Kamara,jwalters74,zachlearningtogolf,,zachlearningtogolf,jwalters74
2025-10-23,1286931153982361600,complete,2-team,pick,2026 Round 3,zachlearningtogolf,jwalters74,lndahayo,zachlearningtogolf,jwalters74
2025-10-22,1286819210667765760,complete,2-team,player,Travis Kelce,tylerpilgrim,thekylecasey,,thekylecasey,tylerpilgrim
2025-10-22,1286819210667765760,complete,2-team,player,Jerry Jeudy,thekylecasey,tylerpilgrim,,thekylecasey,tylerpilgrim
2025-10-22,1286819210667765760,complete,2-team,player,Justin Jefferson,tylerpilgrim,thekylecasey,,thekylecasey,tylerpilgrim
2025-10-22,1286819210667765760,complete,2-team,player,George Pickens,thekylecasey,tylerpilgrim,,thekylecasey,tylerpilgrim
2025-10-22,1286819210667765760,complete,2-team,player,Jordan Mason,tylerpilgrim,thekylecasey,,thekylecasey,tylerpilgrim
2025-10-22,1286819210667765760,complete,2-team,pick,2027 Round 3,tylerpilgrim,thekylecasey,thekylecasey,thekylecasey,tylerpilgrim
2025-10-22,1286819210667765760,complete,2-team,pick,2026 Round 1,thekylecasey,tylerpilgrim,tylerpilgrim,thekylecasey,tylerpilgrim
2025-10-22,1286819210667765760,complete,2-team,pick,2026 Round 2,thekylecasey,tylerpilgrim,tylerpilgrim,thekylecasey,tylerpilgrim
2025-10-22,1286819210667765760,complete,2-team,pick,2027 Round 1,thekylecasey,tylerpilgrim,tylerpilgrim,thekylecasey,tylerpilgrim
2025-10-21,1286504609589776384,complete,2-team,player,J.K. Dobbins,mgaeta23,jwalters74,,jwalters74,mgaeta23
2025-10-21,1286504609589776384,complete,2-team,player,Michael Pittman,jwalters74,mgaeta23,,jwalters74,mgaeta23
2025-10-21,1286504609589776384,complete,2-team,player,Isiah Pacheco,jwalters74,mgaeta23,,jwalters74,mgaeta23
2025-10-21,1286504609589776384,complete,2-team,player,Tyjae Spears,mgaeta23,jwalters74,,jwalters74,mgaeta23
2025-10-21,1286504609589776384,complete,2-team,pick,2026 Round 4,jwalters74,mgaeta23,lndahayo,jwalters74,mgaeta23
2025-10-21,1286504609589776384,complete,2-team,pick,2027 Round 3,mgaeta23,jwalters74,mgaeta23,jwalters74,mgaeta23
2025-10-11,1282804334102343680,complete,2-team,player,Trey Benson,zachlearningtogolf,jwalters74,,zachlearningtogolf,jwalters74
2025-10-11,1282804334102343680,complete,2-team,player,David Njoku,jwalters74,zachlearningtogolf,,zachlearningtogolf,jwalters74
2025-10-11,1282804334102343680,complete,2-team,player,Tee Higgins,zachlearningtogolf,jwalters74,,zachlearningtogolf,jwalters74
2025-10-11,1282804334102343680,complete,2-team,player,James Cook,jwalters74,zachlearningtogolf,,zachlearningtogolf,jwalters74
2025-10-11,1282804334102343680,complete,2-team,pick,2026 Round 3,zachlearningtogolf,jwalters74,cjsyregelas,zachlearningtogolf,jwalters74
2025-10-11,1282804334102343680,complete,2-team,pick,2026 Round 2,zachlearningtogolf,jwalters74,jwalters74,zachlearningtogolf,jwalters74
2025-10-11,1282804334102343680,complete,2-team,pick,2026 Round 3,zachlearningtogolf,jwalters74,tylerpilgrim,zachlearningtogolf,jwalters74
2025-10-10,1282507621953204224,complete,2-team,player,Kyle Williams,wkerwin,lndahayo,,lndahayo,wkerwin
2025-10-10,1282507621953204224,complete,2-team,pick,2026 Round 3,lndahayo,wkerwin,zachlearningtogolf,lndahayo,wkerwin
2025-10-07,1281385171571974144,complete,2-team,faab,$11 FAAB,tylerpilgrim,donewton,,tylerpilgrim,donewton
2025-10-07,1281334172710883328,complete,2-team,player,Theo Johnson,donewton,tylerpilgrim,,tylerpilgrim,donewton
2025-10-07,1281334172710883328,complete,2-team,player,Brenton Strange,tylerpilgrim,donewton,,tylerpilgrim,donewton
2025-10-01,1278946311571251200,complete,2-team,player,Trevor Etienne,zachlearningtogolf,lndahayo,,lndahayo,zachlearningtogolf
2025-10-01,1278946311571251200,complete,2-team,player,Matthew Stafford,lndahayo,zachlearningtogolf,,lndahayo,zachlearningtogolf
2025-10-01,1278946311571251200,complete,2-team,pick,2027 Round 4,lndahayo,zachlearningtogolf,lndahayo,lndahayo,zachlearningtogolf
2025-10-01,1278946311571251200,complete,2-team,pick,2026 Round 2,zachlearningtogolf,lndahayo,cjsyregelas,lndahayo,zachlearningtogolf
2025-10-01,1278942529986764800,complete,2-team,player,D'Andre Swift,lndahayo,jwalters74,,lndahayo,jwalters74
2025-10-01,1278942529986764800,complete,2-team,player,Brian Robinson,jwalters74,lndahayo,,lndahayo,jwalters74
2025-10-01,1278942529986764800,complete,2-team,pick,2026 Round 3,jwalters74,lndahayo,lndahayo,lndahayo,jwalters74
2025-10-01,1278916121231106048,complete,2-team,player,Quentin Johnston,gnewman4,tylerpilgrim,,gnewman4,tylerpilgrim
2025-10-01,1278916121231106048,complete,2-team,pick,2027 Round 1,tylerpilgrim,gnewman4,jwalters74,gnewman4,tylerpilgrim
2025-09-30,1278793259467935744,complete,2-team,player,Tyreek Hill,donewton,jwalters74,,jwalters74,donewton
2025-09-30,1278793259467935744,complete,2-team,pick,2026 Round 4,jwalters74,donewton,gnewman4,jwalters74,donewton
2025-09-30,1278609411799027712,complete,2-team,player,Keenan Allen,lndahayo,zachlearningtogolf,,lndahayo,zachlearningtogolf
2025-09-30,1278609411799027712,complete,2-team,pick,2026 Round 3,lndahayo,zachlearningtogolf,lndahayo,lndahayo,zachlearningtogolf
2025-09-30,1278609411799027712,complete,2-team,pick,2027 Round 4,zachlearningtogolf,lndahayo,lndahayo,lndahayo,zachlearningtogolf
2025-09-30,1278609411799027712,complete,2-team,pick,2026 Round 2,zachlearningtogolf,lndahayo,jakeduf,lndahayo,zachlearningtogolf
2025-09-30,1278590799092658176,complete,2-team,player,Mike Evans,jwalters74,zachlearningtogolf,,zachlearningtogolf,jwalters74
2025-09-30,1278590799092658176,complete,2-team,player,Matthew Stafford,zachlearningtogolf,jwalters74,,zachlearningtogolf,jwalters74
2025-09-30,1278590799092658176,complete,2-team,pick,2026 Round 3,zachlearningtogolf,jwalters74,jwalters74,zachlearningtogolf,jwalters74
2025-09-30,1278590799092658176,complete,2-team,faab,$19 FAAB,jwalters74,zachlearningtogolf,,zachlearningtogolf,jwalters74
2025-09-26,1277318767591825408,complete,2-team,faab,$2 FAAB,zachlearningtogolf,gnewman4,,gnewman4,zachlearningtogolf
2025-09-26,1277109098646605824,complete,2-team,player,Marcus Mariota,gnewman4,zachlearningtogolf,,gnewman4,zachlearningtogolf
2025-09-26,1277109098646605824,complete,2-team,faab,$20 FAAB,zachlearningtogolf,gnewman4,,gnewman4,zachlearningtogolf
2025-09-25,1276812030426251264,complete,2-team,player,MarShawn Lloyd,gnewman4,lndahayo,,lndahayo,gnewman4
2025-09-25,1276812030426251264,complete,2-team,player,Taysom Hill,lndahayo,gnewman4,,lndahayo,gnewman4
2025-09-25,1276812030426251264,complete,2-team,player,Noah Fant,lndahayo,gnewman4,,lndahayo,gnewman4
2025-09-23,1276246071017742336,complete,2-team,player,Wan'Dale Robinson,donewton,jakeduf,,jakeduf,donewton
2025-09-23,1276246071017742336,complete,2-team,pick,2027 Round 2,jakeduf,donewton,donewton,jakeduf,donewton
2025-09-16,1273767222258454528,complete,2-team,player,Kareem Hunt,mgaeta23,donewton,,mgaeta23,donewton
2025-09-16,1273767222258454528,complete,2-team,pick,2026 Round 4,donewton,mgaeta23,jakeduf,mgaeta23,donewton
2025-09-16,1273723036767371264,complete,2-team,player,David Montgomery,mgaeta23,jwalters74,,jwalters74,mgaeta23
2025-09-16,1273723036767371264,complete,2-team,player,Tony Pollard,jwalters74,mgaeta23,,jwalters74,mgaeta23
2025-09-16,1273723036767371264,complete,2-team,player,D'Andre Swift,jwalters74,mgaeta23,,jwalters74,mgaeta23
2025-09-16,1273723036767371264,complete,2-team,player,Tee Higgins,jwalters74,mgaeta23,,jwalters74,mgaeta23
2025-09-16,1273723036767371264,complete,2-team,player,Michael Pittman,mgaeta23,jwalters74,,jwalters74,mgaeta23
2025-09-16,1273723036767371264,complete,2-team,player,Isiah Pacheco,mgaeta23,jwalters74,,jwalters74,mgaeta23
2025-09-16,1273723036767371264,complete,2-team,player,Tyjae Spears,jwalters74,mgaeta23,,jwalters74,mgaeta23
2025-09-16,1273723036767371264,complete,2-team,pick,2027 Round 2,mgaeta23,jwalters74,lndahayo,jwalters74,mgaeta23
2025-09-16,1273723036767371264,complete,2-team,pick,2026 Round 1,mgaeta23,jwalters74,gnewman4,jwalters74,mgaeta23
2025-09-16,1273723036767371264,complete,2-team,pick,2027 Round 3,jwalters74,mgaeta23,mgaeta23,jwalters74,mgaeta23
2025-09-12,1272244641206398976,complete,2-team,player,Daniel Jones,zachlearningtogolf,wkerwin,,zachlearningtogolf,wkerwin
2025-09-12,1272244641206398976,complete,2-team,pick,2026 Round 2,wkerwin,zachlearningtogolf,zachlearningtogolf,zachlearningtogolf,wkerwin
2025-08-22,1264650342717472768,complete,2-team,player,TreVeyon Henderson,thekylecasey,zachlearningtogolf,,thekylecasey,zachlearningtogolf
2025-08-22,1264650342717472768,complete,2-team,player,De'Von Achane,zachlearningtogolf,thekylecasey,,thekylecasey,zachlearningtogolf
2025-08-21,1264067657422864384,complete,2-team,player,LeQuint Allen,tylerpilgrim,jwalters74,,jwalters74,tylerpilgrim
2025-08-21,1264067657422864384,complete,2-team,player,Joshua Palmer,jwalters74,tylerpilgrim,,jwalters74,tylerpilgrim
2025-08-21,1264067657422864384,complete,2-team,player,George Pickens,tylerpilgrim,jwalters74,,jwalters74,tylerpilgrim
2025-08-21,1264067657422864384,complete,2-team,player,Breece Hall,jwalters74,tylerpilgrim,,jwalters74,tylerpilgrim
2025-08-21,1264067657422864384,complete,2-team,pick,2026 Round 1,tylerpilgrim,jwalters74,cjsyregelas,jwalters74,tylerpilgrim
2025-08-09,1259713999834984449,complete,2-team,player,Shedeur Sanders,lndahayo,jwalters74,,lndahayo,jwalters74
2025-08-09,1259713999834984449,complete,2-team,pick,2026 Round 3,jwalters74,lndahayo,jwalters74,lndahayo,jwalters74
2025-08-07,1259296297278525440,complete,2-team,player,Will Howard,thekylecasey,zachlearningtogolf,,thekylecasey,zachlearningtogolf
2025-08-07,1259296297278525440,complete,2-team,pick,2026 Round 3,zachlearningtogolf,thekylecasey,thekylecasey,thekylecasey,zachlearningtogolf
2025-08-07,1259245972907622400,complete,2-team,player,Quinshon Judkins,lndahayo,jwalters74,,lndahayo,jwalters74
2025-08-07,1259245972907622400,complete,2-team,player,Tahj Brooks,jwalters74,lndahayo,,lndahayo,jwalters74
2025-08-07,1259245972907622400,complete,2-team,pick,2027 Round 2,jwalters74,lndahayo,lndahayo,lndahayo,jwalters74
2025-08-07,1259245972907622400,complete,2-team,pick,2026 Round 1,jwalters74,lndahayo,cjsyregelas,lndahayo,jwalters74
2025-08-07,1259245972907622400,complete,2-team,pick,2026 Round 3,lndahayo,jwalters74,jwalters74,lndahayo,jwalters74
2025-08-07,1259211370491023360,complete,2-team,player,Rome Odunze,lndahayo,cjsyregelas,,lndahayo,cjsyregelas
2025-08-07,1259211370491023360,complete,2-team,player,Nico Collins,cjsyregelas,lndahayo,,lndahayo,cjsyregelas
2025-08-07,1259211370491023360,complete,2-team,player,Brian Robinson,lndahayo,cjsyregelas,,lndahayo,cjsyregelas
2025-08-07,1259211370491023360,complete,2-team,pick,2026 Round 2,cjsyregelas,lndahayo,lndahayo,lndahayo,cjsyregelas
2025-08-07,1259211370491023360,complete,2-team,pick,2026 Round 1,lndahayo,cjsyregelas,cjsyregelas,lndahayo,cjsyregelas
2025-08-07,1259206111249039360,complete,2-team,player,Mike Evans,zachlearningtogolf,mgaeta23,,zachlearningtogolf,mgaeta23
2025-08-07,1259206111249039360,complete,2-team,player,David Njoku,zachlearningtogolf,mgaeta23,,zachlearningtogolf,mgaeta23
2025-08-07,1259206111249039360,complete,2-team,player,Alvin Kamara,zachlearningtogolf,mgaeta23,,zachlearningtogolf,mgaeta23
2025-08-07,1259206111249039360,complete,2-team,player,Christian Kirk,zachlearningtogolf,mgaeta23,,zachlearningtogolf,mgaeta23
2025-08-07,1259206111249039360,complete,2-team,player,Calvin Ridley,mgaeta23,zachlearningtogolf,,zachlearningtogolf,mgaeta23
2025-08-07,1259206111249039360,complete,2-team,player,Dallas Goedert,mgaeta23,zachlearningtogolf,,zachlearningtogolf,mgaeta23
2025-08-07,1259206111249039360,complete,2-team,player,Tony Pollard,mgaeta23,zachlearningtogolf,,zachlearningtogolf,mgaeta23
2025-08-07,1259206111249039360,complete,2-team,player,A.J. Dillon,zachlearningtogolf,mgaeta23,,zachlearningtogolf,mgaeta23
2025-08-07,1259206111249039360,complete,2-team,player,Noah Gray,mgaeta23,zachlearningtogolf,,zachlearningtogolf,mgaeta23
2025-08-07,1259206111249039360,complete,2-team,player,Tyjae Spears,mgaeta23,zachlearningtogolf,,zachlearningtogolf,mgaeta23
2025-08-07,1259206111249039360,complete,2-team,pick,2026 Round 4,mgaeta23,zachlearningtogolf,jakeduf,zachlearningtogolf,mgaeta23
2025-08-07,1259206111249039360,complete,2-team,pick,2027 Round 2,mgaeta23,zachlearningtogolf,zachlearningtogolf,zachlearningtogolf,mgaeta23
2025-07-31,1256714512900292608,complete,2-team,player,Keon Coleman,brevinowens,jakeduf,,brevinowens,jakeduf
2025-07-31,1256714512900292608,complete,2-team,player,T.J. Hockenson,jakeduf,brevinowens,,brevinowens,jakeduf
2025-07-31,1256714512900292608,complete,2-team,pick,2027 Round 2,brevinowens,jakeduf,jakeduf,brevinowens,jakeduf
2025-07-31,1256714512900292608,complete,2-team,pick,2026 Round 3,jakeduf,brevinowens,brevinowens,brevinowens,jakeduf
2025-07-16,1251046974694637568,complete,2-team,player,Marquise Brown,mgaeta23,donewton,,mgaeta23,donewton
2025-07-16,1251046974694637568,complete,2-team,pick,2026 Round 3,donewton,mgaeta23,mgaeta23,mgaeta23,donewton
2025-07-16,1251038903863881728,complete,2-team,player,Phil Mafah,donewton,zachlearningtogolf,,zachlearningtogolf,donewton
2025-07-16,1251038903863881728,complete,2-team,player,Javonte Williams,donewton,zachlearningtogolf,,zachlearningtogolf,donewton
2025-07-16,1251038903863881728,complete,2-team,pick,2026 Round 3,zachlearningtogolf,donewton,lndahayo,zachlearningtogolf,donewton
2025-07-16,1251038903863881728,complete,2-team,pick,2026 Round 4,zachlearningtogolf,donewton,jakeduf,zachlearningtogolf,donewton
2025-07-08,1248286928684462080,complete,2-team,player,Isiah Pacheco,jwalters74,wkerwin,,jwalters74,wkerwin
2025-07-08,1248286928684462080,complete,2-team,pick,2026 Round 2,wkerwin,jwalters74,thekylecasey,jwalters74,wkerwin
2025-06-24,1243355152602103808,complete,2-team,player,Jack Bech,thekylecasey,jwalters74,,thekylecasey,jwalters74
2025-06-24,1243355152602103808,complete,2-team,player,Tyreek Hill,jwalters74,thekylecasey,,thekylecasey,jwalters74
2025-06-24,1243355152602103808,complete,2-team,player,Jauan Jennings,thekylecasey,jwalters74,,thekylecasey,jwalters74
2025-06-24,1243355152602103808,complete,2-team,pick,2026 Round 2,jwalters74,thekylecasey,thekylecasey,thekylecasey,jwalters74
2025-06-24,1243355152602103808,complete,2-team,pick,2026 Round 4,thekylecasey,jwalters74,zachlearningtogolf,thekylecasey,jwalters74
2025-05-31,1234547168593858560,complete,2-team,player,Josh Jacobs,gnewman4,jwalters74,,gnewman4,jwalters74
2025-05-31,1234547168593858560,complete,2-team,player,David Montgomery,jwalters74,gnewman4,,gnewman4,jwalters74
2025-05-31,1234547168593858560,complete,2-team,pick,2026 Round 1,jwalters74,gnewman4,gnewman4,gnewman4,jwalters74
2025-05-31,1234547168593858560,complete,2-team,pick,2026 Round 2,jwalters74,gnewman4,jwalters74,gnewman4,jwalters74
2025-05-31,1234547168593858560,complete,2-team,pick,2027 Round 1,gnewman4,jwalters74,jwalters74,gnewman4,jwalters74
2025-05-20,1230670926694076416,complete,2-team,player,Keenan Allen,zachlearningtogolf,donewton,,zachlearningtogolf,donewton
2025-05-20,1230670926694076416,complete,2-team,player,Jonnu Smith,zachlearningtogolf,donewton,,zachlearningtogolf,donewton
2025-05-20,1230670926694076416,complete,2-team,player,Brenton Strange,donewton,zachlearningtogolf,,zachlearningtogolf,donewton
2025-05-20,1230670926694076416,complete,2-team,pick,2026 Round 4,donewton,zachlearningtogolf,gnewman4,zachlearningtogolf,donewton
2025-05-19,1230259367983456256,complete,2-team,pick,2026 Round 4,cjsyregelas,donewton,donewton,cjsyregelas,donewton
2025-05-19,1230259367983456256,complete,2-team,pick,2026 Round 4,donewton,cjsyregelas,cjsyregelas,cjsyregelas,donewton
2025-05-13,1228149347338698753,complete,2-team,player,Brashard Smith,donewton,lndahayo,,lndahayo,donewton
2025-05-13,1228149347338698753,complete,2-team,pick,2026 Round 3,donewton,lndahayo,lndahayo,lndahayo,donewton
2025-05-13,1228149347338698753,complete,2-team,pick,2026 Round 2,lndahayo,donewton,jakeduf,lndahayo,donewton
2025-05-11,1227129044529582080,complete,2-team,player,Javonte Williams,zachlearningtogolf,jwalters74,,zachlearningtogolf,jwalters74
2025-05-11,1227129044529582080,complete,2-team,pick,2026 Round 4,jwalters74,zachlearningtogolf,zachlearningtogolf,zachlearningtogolf,jwalters74
2025-05-11,1227129044529582080,complete,2-team,faab,$10 FAAB,jwalters74,zachlearningtogolf,,zachlearningtogolf,jwalters74
2025-05-08,1226043559040270336,complete,2-team,player,Khalil Shakir,jakeduf,donewton,,jakeduf,donewton
2025-05-08,1226043559040270336,complete,2-team,pick,2026 Round 2,donewton,jakeduf,jakeduf,jakeduf,donewton
2025-05-08,1226043559040270336,complete,2-team,pick,2026 Round 4,donewton,jakeduf,jakeduf,jakeduf,donewton
2025-05-06,1225522406177652736,complete,2-team,player,Ladd McConkey,cjsyregelas,jwalters74,,cjsyregelas,jwalters74
2025-05-06,1225522406177652736,complete,2-team,player,Mason Taylor,cjsyregelas,jwalters74,,cjsyregelas,jwalters74
2025-05-06,1225522406177652736,complete,2-team,player,Tyler Warren,jwalters74,cjsyregelas,,cjsyregelas,jwalters74
2025-05-06,1225522406177652736,complete,2-team,player,Josh Jacobs,jwalters74,cjsyregelas,,cjsyregelas,jwalters74
2025-05-06,1225522406177652736,complete,2-team,player,George Pickens,jwalters74,cjsyregelas,,cjsyregelas,jwalters74
2025-05-06,1225522406177652736,complete,2-team,player,Brian Robinson,cjsyregelas,jwalters74,,cjsyregelas,jwalters74
2025-05-06,1225522406177652736,complete,2-team,pick,2026 Round 3,jwalters74,cjsyregelas,cjsyregelas,cjsyregelas,jwalters74
2025-05-05,1225160597755142144,complete,2-team,player,Will Howard,zachlearningtogolf,gnewman4,,gnewman4,zachlearningtogolf
2025-05-05,1225160597755142144,complete,2-team,player,Geno Smith,gnewman4,zachlearningtogolf,,gnewman4,zachlearningtogolf
2025-05-05,1225160597755142144,complete,2-team,pick,2026 Round 2,zachlearningtogolf,gnewman4,zachlearningtogolf,gnewman4,zachlearningtogolf
2025-05-05,1225160597755142144,complete,2-team,pick,2027 Round 3,gnewman4,zachlearningtogolf,zachlearningtogolf,gnewman4,zachlearningtogolf
2025-05-05,1225135748596899840,complete,2-team,player,Tyjae Spears,zachlearningtogolf,wkerwin,,zachlearningtogolf,wkerwin
2025-05-05,1225135748596899840,complete,2-team,pick,2026 Round 3,wkerwin,zachlearningtogolf,zachlearningtogolf,zachlearningtogolf,wkerwin
2025-05-05,1225135748596899840,complete,2-team,pick,2027 Round 4,wkerwin,zachlearningtogolf,zachlearningtogolf,zachlearningtogolf,wkerwin
2025-05-04,1224849692341309440,complete,2-team,player,Stefon Diggs,jwalters74,wkerwin,,jwalters74,wkerwin
2025-05-04,1224849692341309440,complete,2-team,player,Brian Robinson,jwalters74,wkerwin,,jwalters74,wkerwin
2025-05-04,1224849692341309440,complete,2-team,player,Tyjae Spears,wkerwin,jwalters74,,jwalters74,wkerwin
2025-05-04,1224849692341309440,complete,2-team,pick,2026 Round 4,wkerwin,jwalters74,jwalters74,jwalters74,wkerwin
2025-05-04,1224849692341309440,complete,2-team,pick,2027 Round 2,wkerwin,jwalters74,jwalters74,jwalters74,wkerwin
2025-05-03,1224449044198203392,complete,2-team,player,Rashee Rice,gnewman4,zachlearningtogolf,,gnewman4,zachlearningtogolf
2025-05-03,1224449044198203392,complete,2-team,player,Brian Thomas,zachlearningtogolf,gnewman4,,gnewman4,zachlearningtogolf
2025-05-03,1224449044198203392,complete,2-team,player,Will Howard,gnewman4,zachlearningtogolf,,gnewman4,zachlearningtogolf
2025-05-03,1224449044198203392,complete,2-team,player,Will Levis,zachlearningtogolf,gnewman4,,gnewman4,zachlearningtogolf
2025-05-03,1224449044198203392,complete,2-team,pick,2026 Round 4,zachlearningtogolf,gnewman4,gnewman4,gnewman4,zachlearningtogolf
2025-05-03,1224449044198203392,complete,2-team,pick,2027 Round 4,zachlearningtogolf,gnewman4,gnewman4,gnewman4,zachlearningtogolf
2025-05-03,1224449044198203392,complete,2-team,pick,2026 Round 2,gnewman4,zachlearningtogolf,zachlearningtogolf,gnewman4,zachlearningtogolf
2025-05-03,1224449044198203392,complete,2-team,pick,2027 Round 1,gnewman4,zachlearningtogolf,zachlearningtogolf,gnewman4,zachlearningtogolf
2025-05-01,1223771077000306688,complete,2-team,player,DeMario Douglas,jwalters74,tylerpilgrim,,jwalters74,tylerpilgrim
2025-05-01,1223771077000306688,complete,2-team,player,Quentin Johnston,tylerpilgrim,jwalters74,,jwalters74,tylerpilgrim
2025-05-01,1223711584585531392,complete,2-team,pick,2026 Round 4,mgaeta23,lndahayo,lndahayo,lndahayo,mgaeta23
2025-05-01,1223711584585531392,complete,2-team,pick,2025 Round 4,lndahayo,mgaeta23,mgaeta23,lndahayo,mgaeta23
2025-05-01,1223711584585531392,complete,2-team,faab,$22 FAAB,mgaeta23,lndahayo,,lndahayo,mgaeta23
2025-05-01,1223665024673783808,complete,2-team,pick,2025 Round 4,jakeduf,thekylecasey,thekylecasey,thekylecasey,jakeduf
2025-05-01,1223665024673783808,complete,2-team,pick,2026 Round 4,jakeduf,thekylecasey,thekylecasey,thekylecasey,jakeduf
2025-05-01,1223665024673783808,complete,2-team,pick,2025 Round 4,thekylecasey,jakeduf,zachlearningtogolf,thekylecasey,jakeduf
2025-05-01,1223664469255671808,complete,2-team,player,Will Shipley,cjsyregelas,donewton,,cjsyregelas,donewton
2025-05-01,1223664469255671808,complete,2-team,player,Justice Hill,cjsyregelas,donewton,,cjsyregelas,donewton
2025-05-01,1223664469255671808,complete,2-team,faab,$5 FAAB,donewton,cjsyregelas,,cjsyregelas,donewton
2025-05-01,1223663647079792640,complete,2-team,player,Zach Wilson,mgaeta23,donewton,,mgaeta23,donewton
2025-05-01,1223663647079792640,complete,2-team,faab,$1 FAAB,donewton,mgaeta23,,mgaeta23,donewton
2025-05-01,1223657978725400576,complete,2-team,pick,2025 Round 4,jwalters74,jakeduf,wkerwin,jwalters74,jakeduf
2025-05-01,1223657978725400576,complete,2-team,pick,2026 Round 3,jakeduf,jwalters74,donewton,jwalters74,jakeduf
2025-05-01,1223523595133657088,complete,2-team,player,Trey Benson,jwalters74,tylerpilgrim,,jwalters74,tylerpilgrim
2025-05-01,1223523595133657088,complete,2-team,player,Jerry Jeudy,tylerpilgrim,jwalters74,,jwalters74,tylerpilgrim
2025-05-01,1223523595133657088,complete,2-team,pick,2025 Round 4,tylerpilgrim,jwalters74,jwalters74,jwalters74,tylerpilgrim
2025-05-01,1223523595133657088,complete,2-team,pick,2026 Round 3,jwalters74,tylerpilgrim,tylerpilgrim,jwalters74,tylerpilgrim
2025-05-01,1223496024669028352,complete,2-team,player,Tyler Allgeier,gnewman4,tylerpilgrim,,gnewman4,tylerpilgrim
2025-05-01,1223496024669028352,complete,2-team,pick,2025 Round 3,tylerpilgrim,gnewman4,wkerwin,gnewman4,tylerpilgrim
2025-05-01,1223496024669028352,complete,2-team,pick,2025 Round 4,gnewman4,tylerpilgrim,tylerpilgrim,gnewman4,tylerpilgrim
2025-05-01,1223495018262581248,complete,2-team,player,Tucker Kraft,gnewman4,jwalters74,,gnewman4,jwalters74
2025-05-01,1223495018262581248,complete,2-team,pick,2025 Round 3,jwalters74,gnewman4,tylerpilgrim,gnewman4,jwalters74
2025-05-01,1223467807560183808,complete,2-team,player,Adonai Mitchell,jakeduf,zachlearningtogolf,,zachlearningtogolf,jakeduf
2025-05-01,1223467807560183808,complete,2-team,player,Tutu Atwell,jakeduf,zachlearningtogolf,,zachlearningtogolf,jakeduf
2025-05-01,1223467807560183808,complete,2-team,pick,2025 Round 2,zachlearningtogolf,jakeduf,jakeduf,zachlearningtogolf,jakeduf
2025-05-01,1223467807560183808,complete,2-team,pick,2025 Round 4,zachlearningtogolf,jakeduf,jakeduf,zachlearningtogolf,jakeduf
2025-05-01,1223467807560183808,complete,2-team,pick,2025 Round 4,jakeduf,zachlearningtogolf,zachlearningtogolf,zachlearningtogolf,jakeduf
2025-04-30,1223423845638090752,complete,2-team,pick,2025 Round 4,lndahayo,donewton,donewton,lndahayo,donewton
2025-04-30,1223423845638090752,complete,2-team,pick,2025 Round 2,lndahayo,donewton,thekylecasey,lndahayo,donewton
2025-04-30,1223423845638090752,complete,2-team,pick,2025 Round 2,donewton,lndahayo,cjsyregelas,lndahayo,donewton
2025-04-30,1223423845638090752,complete,2-team,pick,2025 Round 3,donewton,lndahayo,jwalters74,lndahayo,donewton
2025-04-30,1223400000990486528,complete,2-team,player,Jalen McMillan,donewton,zachlearningtogolf,,zachlearningtogolf,donewton
2025-04-30,1223400000990486528,complete,2-team,player,Jonnu Smith,donewton,zachlearningtogolf,,zachlearningtogolf,donewton
2025-04-30,1223400000990486528,complete,2-team,player,Noah Gray,zachlearningtogolf,donewton,,zachlearningtogolf,donewton
2025-04-30,1223400000990486528,complete,2-team,player,Khalil Shakir,donewton,zachlearningtogolf,,zachlearningtogolf,donewton
2025-04-30,1223400000990486528,complete,2-team,pick,2025 Round 2,zachlearningtogolf,donewton,jwalters74,zachlearningtogolf,donewton
2025-04-30,1223398803554451456,complete,2-team,pick,2025 Round 2,gnewman4,jwalters74,donewton,gnewman4,jwalters74
2025-04-30,1223398803554451456,complete,2-team,pick,2025 Round 3,jwalters74,gnewman4,gnewman4,gnewman4,jwalters74
2025-04-30,1223398803554451456,complete,2-team,pick,2025 Round 2,jwalters74,gnewman4,zachlearningtogolf,gnewman4,jwalters74
2025-04-30,1223398803554451456,complete,2-team,pick,2026 Round 2,gnewman4,jwalters74,jwalters74,gnewman4,jwalters74
2025-04-30,1223398803554451456,complete,2-team,pick,2025 Round 3,gnewman4,jwalters74,tylerpilgrim,gnewman4,jwalters74
2025-04-30,1223365523358621696,complete,2-team,pick,2025 Round 2,donewton,wkerwin,wkerwin,wkerwin,donewton
2025-04-30,1223365523358621696,complete,2-team,pick,2026 Round 1,wkerwin,donewton,donewton,wkerwin,donewton
2025-04-30,1223365523358621696,complete,2-team,pick,2025 Round 3,wkerwin,donewton,cjsyregelas,wkerwin,donewton
2025-04-29,1223059650442706944,complete,2-team,pick,2025 Round 1,donewton,wkerwin,wkerwin,wkerwin,donewton
2025-04-29,1223059650442706944,complete,2-team,pick,2025 Round 1,donewton,wkerwin,gnewman4,wkerwin,donewton
2025-04-29,1223059650442706944,complete,2-team,pick,2025 Round 1,wkerwin,donewton,thekylecasey,wkerwin,donewton
2025-04-29,1223059650442706944,complete,2-team,pick,2025 Round 1,wkerwin,donewton,zachlearningtogolf,wkerwin,donewton
2025-04-29,1223058419775193088,complete,2-team,player,Joe Mixon,mgaeta23,zachlearningtogolf,,zachlearningtogolf,mgaeta23
2025-04-29,1223058419775193088,complete,2-team,player,Deebo Samuel,mgaeta23,zachlearningtogolf,,zachlearningtogolf,mgaeta23
2025-04-29,1223058419775193088,complete,2-team,player,Tony Pollard,zachlearningtogolf,mgaeta23,,zachlearningtogolf,mgaeta23
2025-04-29,1223058419775193088,complete,2-team,player,Khalil Shakir,zachlearningtogolf,mgaeta23,,zachlearningtogolf,mgaeta23
2025-04-29,1223058419775193088,complete,2-team,pick,2025 Round 1,zachlearningtogolf,mgaeta23,donewton,zachlearningtogolf,mgaeta23
2025-04-29,1223058419775193088,complete,2-team,pick,2026 Round 1,mgaeta23,zachlearningtogolf,zachlearningtogolf,zachlearningtogolf,mgaeta23
2025-04-29,1223058419775193088,complete,2-team,pick,2026 Round 1,mgaeta23,zachlearningtogolf,jwalters74,zachlearningtogolf,mgaeta23
2025-04-29,1223003680916123648,complete,2-team,player,Ladd McConkey,jwalters74,donewton,,jwalters74,donewton
2025-04-29,1223003680916123648,complete,2-team,player,CeeDee Lamb,donewton,jwalters74,,jwalters74,donewton
2025-04-29,1223003680916123648,complete,2-team,pick,2025 Round 1,jwalters74,donewton,lndahayo,jwalters74,donewton
2025-04-29,1223003680916123648,complete,2-team,pick,2026 Round 3,jwalters74,donewton,donewton,jwalters74,donewton
2025-04-29,1223003680916123648,complete,2-team,pick,2025 Round 2,donewton,jwalters74,jwalters74,jwalters74,donewton
2025-04-29,1222779260813459456,complete,2-team,player,Ray Davis,zachlearningtogolf,jwalters74,,zachlearningtogolf,jwalters74
2025-04-29,1222779260813459456,complete,2-team,player,Geno Smith,zachlearningtogolf,jwalters74,,zachlearningtogolf,jwalters74
2025-04-29,1222779260813459456,complete,2-team,player,Christian McCaffrey,jwalters74,zachlearningtogolf,,zachlearningtogolf,jwalters74
2025-04-29,1222779260813459456,complete,2-team,player,Baker Mayfield,jwalters74,zachlearningtogolf,,zachlearningtogolf,jwalters74
2025-04-29,1222779260813459456,complete,2-team,player,J.K. Dobbins,jwalters74,zachlearningtogolf,,zachlearningtogolf,jwalters74
2025-04-29,1222779260813459456,complete,2-team,player,James Cook,zachlearningtogolf,jwalters74,,zachlearningtogolf,jwalters74
2025-04-29,1222779260813459456,complete,2-team,pick,2025 Round 2,jwalters74,zachlearningtogolf,donewton,zachlearningtogolf,jwalters74
2025-04-29,1222779260813459456,complete,2-team,pick,2025 Round 1,zachlearningtogolf,jwalters74,jwalters74,zachlearningtogolf,jwalters74
2025-04-28,1222706043209924608,complete,2-team,player,Courtland Sutton,donewton,thekylecasey,,thekylecasey,donewton
2025-04-28,1222706043209924608,complete,2-team,player,Tank Dell,thekylecasey,donewton,,thekylecasey,donewton
2025-04-28,1222706043209924608,complete,2-team,pick,2025 Round 2,donewton,thekylecasey,thekylecasey,thekylecasey,donewton
2025-04-28,1222706043209924608,complete,2-team,pick,2025 Round 3,donewton,thekylecasey,thekylecasey,thekylecasey,donewton
2025-04-28,1222706043209924608,complete,2-team,pick,2025 Round 1,thekylecasey,donewton,cjsyregelas,thekylecasey,donewton
2025-04-22,1220272163022438400,complete,2-team,player,Davante Adams,donewton,zachlearningtogolf,,zachlearningtogolf,donewton
2025-04-22,1220272163022438400,complete,2-team,player,Justin Fields,zachlearningtogolf,donewton,,zachlearningtogolf,donewton
2025-04-22,1220272163022438400,complete,2-team,player,Brenton Strange,zachlearningtogolf,donewton,,zachlearningtogolf,donewton
2025-04-22,1220272163022438400,complete,2-team,pick,2025 Round 2,zachlearningtogolf,donewton,donewton,zachlearningtogolf,donewton
2025-04-22,1220272163022438400,complete,2-team,pick,2025 Round 1,donewton,zachlearningtogolf,cjsyregelas,zachlearningtogolf,donewton
2025-04-22,1220272163022438400,complete,2-team,pick,2025 Round 3,donewton,zachlearningtogolf,cjsyregelas,zachlearningtogolf,donewton
2025-03-30,1211903239012765696,complete,2-team,pick,2025 Round 2,donewton,gnewman4,donewton,gnewman4,donewton
2025-03-30,1211903239012765696,complete,2-team,pick,2026 Round 2,gnewman4,donewton,donewton,gnewman4,donewton
2025-03-30,1211903239012765696,complete,2-team,pick,2027 Round 3,gnewman4,donewton,donewton,gnewman4,donewton
2025-03-24,1209959102013263872,complete,3-team,player,Rashee Rice,zachlearningtogolf,3-team,,3-team trade,
2025-03-24,1209959102013263872,complete,3-team,player,Rome Odunze,cjsyregelas,3-team,,3-team trade,
2025-03-24,1209959102013263872,complete,3-team,player,Adonai Mitchell,zachlearningtogolf,3-team,,3-team trade,
2025-03-24,1209959102013263872,complete,3-team,player,Calvin Ridley,zachlearningtogolf,3-team,,3-team trade,
2025-03-24,1209959102013263872,complete,3-team,player,Josh Jacobs,cjsyregelas,3-team,,3-team trade,
2025-03-24,1209959102013263872,complete,3-team,player,Amon-Ra St. Brown,lndahayo,3-team,,3-team trade,
2025-03-24,1209959102013263872,complete,3-team,player,Nico Collins,lndahayo,3-team,,3-team trade,
2025-03-24,1209959102013263872,complete,3-team,player,Drake London,zachlearningtogolf,3-team,,3-team trade,
2025-03-24,1209959102013263872,complete,3-team,player,C.J. Stroud,cjsyregelas,3-team,,3-team trade,
2025-03-24,1209959102013263872,complete,3-team,pick,2025 Round 1,zachlearningtogolf,3-team,cjsyregelas,3-team trade,
2025-03-24,1209959102013263872,complete,3-team,pick,2025 Round 2,lndahayo,3-team,cjsyregelas,3-team trade,
2025-03-24,1209959102013263872,complete,3-team,pick,2025 Round 3,zachlearningtogolf,3-team,cjsyregelas,3-team trade,
2025-03-24,1209959102013263872,complete,3-team,pick,2025 Round 4,zachlearningtogolf,3-team,cjsyregelas,3-team trade,
2025-03-24,1209959102013263872,complete,3-team,pick,2026 Round 2,lndahayo,3-team,cjsyregelas,3-team trade,
2025-03-24,1209959102013263872,complete,3-team,pick,2026 Round 1,zachlearningtogolf,3-team,jwalters74,3-team trade,
2025-03-24,1209959102013263872,complete,3-team,pick,2025 Round 2,cjsyregelas,3-team,tylerpilgrim,3-team trade,
2025-03-18,1207589817261490176,complete,2-team,player,Ray Davis,jwalters74,lndahayo,,lndahayo,jwalters74
2025-03-18,1207589817261490176,complete,2-team,player,James Cook,jwalters74,lndahayo,,lndahayo,jwalters74
2025-03-18,1207589817261490176,complete,2-team,player,Tucker Kraft,jwalters74,lndahayo,,lndahayo,jwalters74
2025-03-18,1207589817261490176,complete,2-team,player,Jaxon Smith-Njigba,lndahayo,jwalters74,,lndahayo,jwalters74
2025-03-18,1207589817261490176,complete,2-team,pick,2025 Round 1,jwalters74,lndahayo,jwalters74,lndahayo,jwalters74
2025-03-18,1207589817261490176,complete,2-team,pick,2026 Round 1,lndahayo,jwalters74,jwalters74,lndahayo,jwalters74
2025-03-18,1207589817261490176,complete,2-team,pick,2025 Round 2,lndahayo,jwalters74,tylerpilgrim,lndahayo,jwalters74
2025-03-14,1206314724464001024,complete,2-team,pick,2025 Round 1,donewton,gnewman4,lndahayo,gnewman4,donewton
2025-03-14,1206314724464001024,complete,2-team,pick,2025 Round 2,gnewman4,donewton,donewton,gnewman4,donewton
2025-03-14,1206314724464001024,complete,2-team,pick,2025 Round 2,gnewman4,donewton,zachlearningtogolf,gnewman4,donewton
